会員ID,購買日,品番,商品名,カラーコード,カラー名,サイズコード,サイズ名,店舗ブランドコード,店舗ブランド略称,商品ブランドコード,商品ブランド略称,購買点数,税抜金額,VS店舗ID,店舗名,MS店舗ID,販売担当者,担当者コード,売上ID,標準小売単価
RC00004343,2023-01-02,002252800301,ミニシャギーロングスリーブニットカーディガン,03,IVY,099,F,00,MD,00,MD,1,5400,0000028,ルクア大阪,0061001,MD ルクア大阪,060028,004424612860000100001,6000
RC00004343,2023-01-02,002250301501,2WAYリボンパワショルニットドッキングワンピース,14,PNK,003,S,00,MD,00,MD,1,5670,0000028,ルクア大阪,0061001,MD ルクア大阪,060028,004424612860000200001,15400
RC00004343,2023-01-02,002250301401,異素材ドッキングフレアロングスリーブニットワン,72,BGE,004,M,00,MD,00,MD,1,13050,0000028,ルクア大阪,0061001,MD ルクア大阪,060028,004424612860000300001,14500
RC00002627,2023-01-02,002252600801,クロップドニットセット,09,BLK,099,F,00,MD,00,MD,1,5700,0000314,FC高崎モントレー,0033801,MD FC高崎モントレー,060314,004424650920000100001,9500
RC00000611,2023-01-03,002260300701,To/ 異素材パワショルニットワンピース,72,BGE,004,M,00,MD,00,MD,1,12960,0000027,ルミネエスト新宿,0060101,MD ルミネエスト新宿,060027,004425331220000100001,18000
RC00000611,2023-01-03,002252800301,ミニシャギーロングスリーブニットカーディガン,03,IVY,099,F,00,MD,00,MD,1,5400,0000027,ルミネエスト新宿,0060101,MD ルミネエスト新宿,060027,004425331220000200001,6000
RC00001668,2023-01-03,002250301401,異素材ドッキングフレアロングスリーブニットワン,03,IVY,003,S,00,MD,00,MD,1,14500,0000407,RC WEB STORE(ZOZOBASE),0090003,,,004425463440000100001,14500
RC00001668,2023-01-03,002260300201,ラッフルドッキングマーメイドニットワンピース,72,BGE,003,S,00,MD,00,MD,1,11900,0000407,RC WEB STORE(ZOZOBASE),0090003,,,004425463460000100001,17000
RC00001649,2023-01-04,002260300201,ラッフルドッキングマーメイドニットワンピース,03,IVY,004,M,00,MD,00,MD,1,10710,0000027,ルミネエスト新宿,0060101,MD ルミネエスト新宿,060027,004425701530000100001,17000
RC00001649,2023-01-04,002250301501,2WAYリボンパワショルニットドッキングワンピース,03,IVY,004,M,00,MD,00,MD,1,5670,0000027,ルミネエスト新宿,0060101,MD ルミネエスト新宿,060027,004425701530000200001,15400
RC00003195,2023-01-05,002141800501,クリアヒールPVCブロッキングパンプス,09,BLK,228,38,00,MD,00,MD,1,3240,0000407,RC WEB STORE(ZOZOBASE),0090003,,,004426532590000100001,13000
RC00003195,2023-01-05,002210700601,カットフレアパンツ,04,L.GRY,191,M,00,MD,00,MD,1,1458,0000407,RC WEB STORE(ZOZOBASE),0090003,,,004426532590000200001,5400
RC00001668,2023-01-05,002210302801,ハイツイストスタンドカラーニットワンピース,61,LVD,003,S,00,MD,00,MD,1,4500,0000407,RC WEB STORE(ZOZOBASE),0090003,,,004426533670000100001,16000
RC00000691,2023-01-06,002020700201,ウエストドロストサファリショートパンツ,72,BGE,199,F,00,MD,00,MD,1,171,0000407,RC WEB STORE(ZOZOBASE),0090003,,,004427188810000100001,9500
RC00001668,2023-01-06,002140302101,オープンカラーカシュクールシャツワンピース,61,LVD,003,S,00,MD,00,MD,1,3600,0000407,RC WEB STORE(ZOZOBASE),0090003,,,004427190870000100001,11000
RC00003498,2023-01-06,002250302901,コルセットパイピングフラワーワンピース,03,IVY,004,M,00,MD,00,MD,1,6300,0000407,RC WEB STORE(ZOZOBASE),0090003,,,004427191280000100001,18000
RC00001392,2023-01-10,002261800301,ニットドッキングスクエアショートブーツ,03,IVY,226,36,00,MD,00,MD,1,5040,0000027,ルミネエスト新宿,0060101,佐藤 理奈,005689,004428696380000100001,14000
RC00001392,2023-01-10,002261800301,ニットドッキングスクエアショートブーツ,09,BLK,226,36,00,MD,00,MD,1,5040,0000027,ルミネエスト新宿,0060101,佐藤 理奈,005689,004428696380000200001,14000
RC00004108,2023-01-10,002310800101,ぼかしフラワーメッシュリバーシブルスカート,50,BLU,004,M,00,MD,00,MD,1,16000,0000407,RC WEB STORE(ZOZOBASE),0090003,,,004428962630000100001,16000
RC00002541,2023-01-16,002240700101,センタープレスパンツ,72,BGE,003,S,00,MD,00,MD,1,3240,0000044,タカシマヤゲートタワーモール,0066701,下屋敷 亜未,009655,004431099810000100001,11000
RC00002541,2023-01-16,002252800301,ミニシャギーロングスリーブニットカーディガン,03,IVY,099,F,00,MD,00,MD,1,5400,0000044,タカシマヤゲートタワーモール,0066701,下屋敷 亜未,009655,004431099810000200001,6000
RC00003091,2023-01-18,002312600401,3WAYボタンニット,01,O.WHT,099,F,00,MD,00,MD,1,5811,0000007,心斎橋OPA,0060302,大橋 明日香,010063,004431902330000100001,6300
RC00002529,2023-01-29,002252800301,ミニシャギーロングスリーブニットカーディガン,72,BGE,099,F,00,MD,00,MD,1,5400,0000044,タカシマヤゲートタワーモール,0066701,下屋敷 亜未,009655,004435447120000100001,6000
RC00002529,2023-01-29,002250303701,ニットドッキングギャザーフレアワンピース,01,O.WHT,004,M,00,MD,00,MD,1,14400,0000044,タカシマヤゲートタワーモール,0066701,下屋敷 亜未,009655,004435447120000200001,16000
RC00003463,2023-01-29,002312800301,レースアップスリーブニットボレロ,03,IVY,099,F,00,MD,00,MD,1,7727,0000317,ルミネ池袋,0060104,木村 南友,003001,004435566950000100001,8000
RC00004565,2023-01-31,002250100101,フェイクムートンボンバージャケット,03,IVY,004,M,00,MD,00,MD,1,12700,0000044,タカシマヤゲートタワーモール,0066701,橋本 桃佳,009827,004436224330000100001,15000
RC00001668,2023-02-01,002240301101,To/ハイゲージパフスリーブフレアニットワンピース,09,BLK,003,S,00,MD,00,MD,1,18000,0000407,RC WEB STORE(ZOZOBASE),0090003,,,004436905120000100001,18000
RC00001842,2023-02-05,002310301201,バックリボンビスチェニットドッキングワンピース,09,BLK,003,S,00,MD,00,MD,1,16000,0000322,代行名古屋パルコ,0050216,粂川 梨衣,890935,004438098480000100001,16000
RC00003091,2023-02-05,002262601001,3WAYボタンデザインニット,01,O.WHT,099,F,00,MD,00,MD,1,6000,0000407,RC WEB STORE(ZOZOBASE),0090003,,,004438277010000100001,6000
RC00000691,2023-02-11,002060700101,ビックバックルベルト付タックフレアパンツ,03,IVY,199,F,00,MD,00,MD,1,445,0000407,RC WEB STORE(ZOZOBASE),0090003,,,004440375540000100001,11000
RC00000691,2023-02-11,002060700401,ハラコベルト付テーパードパンツ,30,YLW,190,S,00,MD,00,MD,1,385,0000407,RC WEB STORE(ZOZOBASE),0090003,,,004440375540000200001,9500
RC00001668,2023-02-11,002260300901,ぼかしフラワーレディーカシュクールワンピース,03,IVY,003,S,00,MD,00,MD,1,7200,0000407,RC WEB STORE(ZOZOBASE),0090003,,,004440379250000100001,16000
RC00001668,2023-02-11,002252600301,ボトルネックミニシャギーロングスリーブニット,61,LVD,099,F,00,MD,00,MD,1,4320,0000407,RC WEB STORE(ZOZOBASE),0090003,,,004440379300000100001,6000
RC00001668,2023-02-11,002260300901,ぼかしフラワーレディーカシュクールワンピース,42,MNT,003,S,00,MD,00,MD,1,7200,0000407,RC WEB STORE(ZOZOBASE),0090003,,,004440379300000200001,16000
RC00003498,2023-02-14,002052700401,【DC別注】ロゴロングスリーブTシャツ,72,BGE,099,F,00,MD,00,MD,1,605,0000407,RC WEB STORE(ZOZOBASE),0090003,,,004441652860000100001,5500
RC00000874,2023-02-16,002042700201,【David Bowie】ノースリTシャツ,70,BRN,099,F,00,MD,00,MD,1,364,0000407,RC WEB STORE(ZOZOBASE),0090003,,,004442740710000100001,4500
RC00000874,2023-02-16,002050700101,【DC別注】リブパンツ,72,BGE,199,F,00,MD,00,MD,1,303,0000407,RC WEB STORE(ZOZOBASE),0090003,,,004442740710000200001,7500
RC00000874,2023-02-16,002110300401,透かし編みニットキャミワンピースセット,61,LVD,099,F,00,MD,00,MD,1,972,0000407,RC WEB STORE(ZOZOBASE),0090003,,,004442740710000300001,12000
RC00000874,2023-02-16,002110801201,総針ニットタイトスカート,03,IVY,199,F,00,MD,00,MD,1,526,0000407,RC WEB STORE(ZOZOBASE),0090003,,,004442740710000400001,6500
RC00000874,2023-02-16,002112600401,バックシャンパワショルリブニット,14,PNK,099,F,00,MD,00,MD,1,445,0000407,RC WEB STORE(ZOZOBASE),0090003,,,004442740710000500001,5500
RC00000874,2023-02-16,002120301601,ワイドリブクロスリボンニットワンピース,61,LVD,099,F,00,MD,00,MD,1,891,0000407,RC WEB STORE(ZOZOBASE),0090003,,,004442740710000600001,11000
RC00000874,2023-02-16,002130700301,ハイウエストサスペンダーパンツ,14,PNK,199,F,00,MD,00,MD,1,891,0000407,RC WEB STORE(ZOZOBASE),0090003,,,004442740710000700001,11000
RC00000874,2023-02-16,002130700301,ハイウエストサスペンダーパンツ,72,BGE,199,F,00,MD,00,MD,1,891,0000407,RC WEB STORE(ZOZOBASE),0090003,,,004442740710000800001,11000
RC00000874,2023-02-16,002130700301,ハイウエストサスペンダーパンツ,74,KHK,199,F,00,MD,00,MD,1,891,0000407,RC WEB STORE(ZOZOBASE),0090003,,,004442740710000900001,11000
RC00000874,2023-02-16,002132600201,アシメネックオフショルリブニット,14,PNK,099,F,00,MD,00,MD,1,364,0000407,RC WEB STORE(ZOZOBASE),0090003,,,004442740710001000001,4500
RC00000874,2023-02-16,002132600701,ビスチェ風コンパクトランダムリブニット,40,GRN,099,F,00,MD,00,MD,1,364,0000407,RC WEB STORE(ZOZOBASE),0090003,,,004442740710001100001,4500
RC00000874,2023-02-16,002120800101,チェンジリブフロントボタンニットスカート,40,GRN,199,F,00,MD,00,MD,1,688,0000407,RC WEB STORE(ZOZOBASE),0090003,,,004442741800000100001,8500
RC00000874,2023-02-16,002160302501,プリーツドッキングケーブルニットミニワンピース,70,BRN,099,F,00,MD,00,MD,1,2308,0000407,RC WEB STORE(ZOZOBASE),0090003,,,004442741800000200001,9500
RC00000874,2023-02-16,002210302301,ラッフルスリーブフレアニットワンピース,60,PPL,004,M,00,MD,00,MD,1,2673,0000407,RC WEB STORE(ZOZOBASE),0090003,,,004442741800000300001,11000
RC00002273,2023-02-16,002050700101,【DC別注】リブパンツ,72,BGE,199,F,00,MD,00,MD,1,337,0000407,RC WEB STORE(ZOZOBASE),0090003,,,004442747510000100001,7500
RC00002273,2023-02-16,002110300101,ペイズリー刺繍ロングドレス,09,BLK,003,S,00,MD,00,MD,1,1620,0000407,RC WEB STORE(ZOZOBASE),0090003,,,004442747510000200001,18000
RC00002273,2023-02-16,002120800101,チェンジリブフロントボタンニットスカート,10,RED,199,F,00,MD,00,MD,1,765,0000407,RC WEB STORE(ZOZOBASE),0090003,,,004442747510000300001,8500
RC00004175,2023-02-18,002311800101,PUMA×MERCURYDUO スウェードクラシック,04,L.GRY,204,24.0,00,MD,00,MD,1,8550,0000314,FC高崎モントレー,0033801,武藤 瑠菜,890945,004443424260000100001,9500
RC00002773,2023-02-27,002310302801,変形リブフレアニットワンピース,08,C.GRY,004,M,00,MD,00,MD,1,15400,0000034,天王寺ミオ,0061401,廣畑 蒼衣,009944,004446683020000100001,15400
RC00000691,2023-03-03,002060700201,ウールフロントスリットニットパンツ,72,BGE,199,F,00,MD,00,MD,1,700,0000407,RC WEB STORE(ZOZOBASE),0090003,,,004448580180000100001,14000
RC00002332,2023-03-05,002310303001,配色チェンジリブ五分袖ニットワンピース,09,BLK,003,S,00,MD,00,MD,1,15400,0000042,岡山一番街,0063501,村岡 愛美,007532,004449004720000100001,15400
RC00003649,2023-03-12,002322600601,アメスリリブニット,01,O.WHT,099,F,00,MD,00,MD,1,5400,0000407,RC WEB STORE(ZOZOBASE),0090003,,,004451785450000100001,5400
RC00003649,2023-03-12,002322600601,アメスリリブニット,08,C.GRY,099,F,00,MD,00,MD,1,5400,0000407,RC WEB STORE(ZOZOBASE),0090003,,,004451785450000200001,5400
RC00001668,2023-03-12,002322600701,2WAY総針ラッフルコンパクトニット,40,GRN,099,F,00,MD,00,MD,1,6300,0000407,RC WEB STORE(ZOZOBASE),0090003,,,004451785580000100001,6300
RC00003457,2023-03-13,002310100401,フェイクレザーコンパクトライダースジャケット,09,BLK,099,F,00,MD,00,MD,1,15000,0000007,心斎橋OPA,0060302,大橋 明日香,010063,004451943780000100001,15000
RC00003920,2023-03-16,002310800301,コルセットマーメイドスカート,72,BGE,003,S,00,MD,00,MD,1,12000,0000027,ルミネエスト新宿,0060101,山崎 梨沙,009592,004453334130000100001,12000
RC00003920,2023-03-16,002310303001,配色チェンジリブ五分袖ニットワンピース,03,IVY,003,S,00,MD,00,MD,1,15400,0000027,ルミネエスト新宿,0060101,山崎 梨沙,009592,004453334130000200001,15400
RC00003920,2023-03-16,002322601601,2WAYオープンショルダーラッフルニット,08,C.GRY,099,F,00,MD,00,MD,1,6300,0000027,ルミネエスト新宿,0060101,山崎 梨沙,009592,004453334130000300001,6300
RC00003920,2023-03-16,002310100501,フェイクスエードコンパクトライダースジャケット,12,B.PNK,099,F,00,MD,00,MD,1,15000,0000027,ルミネエスト新宿,0060101,山崎 梨沙,009592,004453334130000400001,15000
RC00003589,2023-03-19,002320300201,【To/】3wayラッフルドッキングワンピース,84,MIX,004,M,00,MD,00,MD,1,17000,0000007,心斎橋OPA,0060302,松田 優穂,009848,004454305590000100001,17000
RC00001668,2023-03-19,002322600701,2WAY総針ラッフルコンパクトニット,09,BLK,099,F,00,MD,00,MD,1,6300,0000407,RC WEB STORE(ZOZOBASE),0090003,,,004454475140000100001,6300
RC00000677,2023-03-25,002320400401,【To/】3wayギャザースリーブブラウス,01,O.WHT,099,F,00,MD,00,MD,1,9500,0000026,博多阪急,0061303,古賀 ありさ,009977,004456454150000100001,9500
RC00004186,2023-03-27,002311800101,PUMA×MERCURYDUO スウェードクラシック,04,L.GRY,204,24.0,00,MD,00,MD,1,9500,0000407,RC WEB STORE(ZOZOBASE),0090003,,,004457310120000100001,9500
RC00001668,2023-04-15,002250000501,中空糸3WAYロングコート,61,LVD,003,S,00,MD,00,MD,1,11112,0000407,RC WEB STORE(ZOZOBASE),0090003,,,004464539410000100001,30000
RC00001668,2023-04-15,002250303201,ジャカードフラワーパワショルカシュクールワンピース,14,PNK,003,S,00,MD,00,MD,1,6997,0000407,RC WEB STORE(ZOZOBASE),0090003,,,004464540770000100001,17000
RC00001668,2023-04-15,002250000501,中空糸3WAYロングコート,42,MNT,003,S,00,MD,00,MD,1,12347,0000407,RC WEB STORE(ZOZOBASE),0090003,,,004464540780000100001,30000
RC00000874,2023-04-17,002140300401,2WAYショルダーリブニットセットアップ,72,BGE,099,F,00,MD,00,MD,1,1444,0000407,RC WEB STORE(ZOZOBASE),0090003,,,004465524550000100001,13000
RC00000874,2023-04-17,002160700401,ハイウエストジャンプスーツ,74,KHK,191,M,00,MD,00,MD,1,1334,0000407,RC WEB STORE(ZOZOBASE),0090003,,,004465524550000200001,12000
RC00004175,2023-04-17,002252800601,2WAY片畔クロップドカーディガン,70,BRN,099,F,00,MD,00,MD,1,5247,0000407,RC WEB STORE(ZOZOBASE),0090003,,,004465525090000100001,8500
RC00002777,2023-04-19,002210100601,クロップドコンパクトGジャン,50,BLU,099,F,00,MD,00,MD,1,4445,0000407,RC WEB STORE(ZOZOBASE),0090003,,,004466552970000100001,12000
RC00003195,2023-04-20,002150800301,サテンドレープカッティングスカート,61,LVD,191,M,00,MD,00,MD,1,1222,0000407,RC WEB STORE(ZOZOBASE),0090003,,,004467667560000100001,11000
RC00003195,2023-04-20,002150800901,アシメマーメイドロングスカート,70,BRN,191,M,00,MD,00,MD,1,1222,0000407,RC WEB STORE(ZOZOBASE),0090003,,,004467667560000200001,11000
RC00004515,2023-04-30,002310302901,異素材ドッキングフレアニットワンピース,03,IVY,003,S,00,MD,00,MD,1,15400,0000039,梅田エスト,0060801,MD 梅田エスト,060039,004471138010000100001,15400
RC00004138,2023-05-04,002322800201,コンパクトシアーカーデ,01,O.WHT,099,F,00,MD,00,MD,1,6300,0000027,ルミネエスト新宿,0060101,小野 百合子,010379,004472911530000100001,6300
RC00004343,2023-05-06,002310302401,【To/】ハイゲージケープスリーブニットワンピ,09,BLK,004,M,00,MD,00,MD,1,11596,0000028,ルクア大阪,0061001,MD ルクア大阪,060028,004473710490000100001,17000
RC00004343,2023-05-06,002240301001,To/ハイツイストスタンドカラーニットワンピース,03,IVY,004,M,00,MD,00,MD,1,15163,0000028,ルクア大阪,0061001,MD ルクア大阪,060028,004473710490000200001,17000
RC00001017,2023-05-15,002320302401,フラワーパイピングウエストリブワンピース,01,O.WHT,003,S,00,MD,00,MD,1,16300,0000324,FC福岡パルコ,0030203,北嶋 妃香里,890990,004476827560000100001,16300
RC00003396,2023-05-19,002330301201,バックタックフレアタイプライターワンピース,40,GRN,003,S,00,MD,00,MD,1,16300,0000027,ルミネエスト新宿,0060101,MD ルミネエスト新宿,060027,004478632780000100001,16300
RC00003396,2023-05-19,002330400201,サイドリボンギャザーシアーシャツ,01,O.WHT,099,F,00,MD,00,MD,1,9500,0000027,ルミネエスト新宿,0060101,MD ルミネエスト新宿,060027,004478632780000200001,9500
RC00002030,2023-05-20,002322601101,レースドッキングカシュクールコンパクトニット,01,O.WHT,099,F,00,MD,00,MD,1,7200,0000407,RC WEB STORE(ZOZOBASE),0090003,,,004479072530000100001,7200
RC00000874,2023-05-21,002052700401,【DC別注】ロゴロングスリーブTシャツ,72,BGE,099,F,00,MD,00,MD,1,450,0000407,RC WEB STORE(ZOZOBASE),0090003,,,004479438130000100001,5500
RC00000874,2023-05-21,002062601401,ラップ透かし編みシャギーニット,01,O.WHT,099,F,00,MD,00,MD,1,450,0000407,RC WEB STORE(ZOZOBASE),0090003,,,004479438130000200001,7500
RC00000874,2023-05-21,002062601401,ラップ透かし編みシャギーニット,42,MNT,099,F,00,MD,00,MD,1,450,0000407,RC WEB STORE(ZOZOBASE),0090003,,,004479438130000300001,7500
RC00000874,2023-05-21,002110300801,インナー付きメッシュニットワンピース,35,LME,099,F,00,MD,00,MD,1,900,0000407,RC WEB STORE(ZOZOBASE),0090003,,,004479438130000400001,12000
RC00000874,2023-05-21,002110300901,シルクネップリネンキャミロンパース,03,IVY,004,M,00,MD,00,MD,1,900,0000407,RC WEB STORE(ZOZOBASE),0090003,,,004479438130000500001,13000
RC00000874,2023-05-21,002110300901,シルクネップリネンキャミロンパース,42,MNT,004,M,00,MD,00,MD,1,900,0000407,RC WEB STORE(ZOZOBASE),0090003,,,004479438130000600001,13000
RC00000874,2023-05-21,002110300901,シルクネップリネンキャミロンパース,72,BGE,004,M,00,MD,00,MD,1,900,0000407,RC WEB STORE(ZOZOBASE),0090003,,,004479438130000700001,13000
RC00000874,2023-05-21,002120301801,シルクネップリネンキャミジャンスカ,30,YLW,003,S,00,MD,00,MD,1,900,0000407,RC WEB STORE(ZOZOBASE),0090003,,,004479438130000800001,12000
RC00000874,2023-05-21,002122600101,キャミ付透かし編みニット,72,BGE,099,F,00,MD,00,MD,1,450,0000407,RC WEB STORE(ZOZOBASE),0090003,,,004479438130000900001,8000
RC00000874,2023-05-21,002130800101,カットワーク刺繍タイルパターンスカート,40,GRN,190,S,00,MD,00,MD,1,900,0000407,RC WEB STORE(ZOZOBASE),0090003,,,004479438130001000001,14000
RC00000874,2023-05-21,002140300801,シャツドッキングワンショルニットワンピース,72,BGE,099,F,00,MD,00,MD,1,900,0000407,RC WEB STORE(ZOZOBASE),0090003,,,004479438130001100001,14000
RC00000874,2023-05-21,002152700701,【GENTLE】バックデザイン2WAYカットソー,03,IVY,099,F,00,MD,00,MD,1,450,0000407,RC WEB STORE(ZOZOBASE),0090003,,,004479438130001200001,5900
RC00000874,2023-05-21,002152700701,【GENTLE】バックデザイン2WAYカットソー,14,PNK,099,F,00,MD,00,MD,1,450,0000407,RC WEB STORE(ZOZOBASE),0090003,,,004479438130001300001,5900
RC00004522,2023-05-28,002210700501,【GENTLE】レース使いテレコインナーショーパン,01,O.WHT,199,F,00,MD,00,MD,1,900,0000407,RC WEB STORE(ZOZOBASE),0090003,,,004482104820000100001,4000
RC00004522,2023-05-28,002210700501,【GENTLE】レース使いテレコインナーショーパン,09,BLK,199,F,00,MD,00,MD,1,900,0000407,RC WEB STORE(ZOZOBASE),0090003,,,004482104820000200001,4000
RC00001668,2023-05-31,002310303401,【かわにしみきコラボ】フラワーギャザー,51,ICE,003,S,00,MD,00,MD,1,10000,0000407,RC WEB STORE(ZOZOBASE),0090003,,,004483155910000100001,16300
RC00002852,2023-06-03,002322600701,2WAY総針ラッフルコンパクトニット,10,RED,099,F,00,MD,00,MD,1,6300,0000314,FC高崎モントレー,0033801,MD FC高崎モントレー,060314,004484139080000100001,6300
RC00004531,2023-06-08,002330302201,カットジャガードレースワンピース,50,BLU,004,M,00,MD,00,MD,1,13544,0000027,ルミネエスト新宿,0060101,堰八 愛菜,002510,004485921830000100001,15400
RC00004531,2023-06-08,002330302001,バックリボンドットワンピース,72,BGE,004,M,00,MD,00,MD,1,11962,0000027,ルミネエスト新宿,0060101,堰八 愛菜,002510,004485921830000200001,13600
RC00003192,2023-06-08,002322700401,カップ付チューブトップ,01,O.WHT,099,F,00,MD,00,MD,1,3600,0000027,ルミネエスト新宿,0060101,半澤 しおり,006671,004486065390000100001,4000
RC00003192,2023-06-08,002320300501,ペンシルタイトキャミワンピース,72,BGE,004,M,00,MD,00,MD,1,11700,0000027,ルミネエスト新宿,0060101,半澤 しおり,006671,004486065390000200001,13000
RC00003192,2023-06-08,002320400301,バックタックスキッパーシアーシャツ,14,PNK,099,F,00,MD,00,MD,1,8550,0000027,ルミネエスト新宿,0060101,半澤 しおり,006671,004486065390000300001,9500
RC00003986,2023-06-11,002320400101,トワルドジュイ2wayリボンブラウス,72,BGE,099,F,00,MD,00,MD,1,8550,0000322,代行名古屋パルコ,0050216,MD 代行名古屋パルコ,060320,004487081190000100001,9500
RC00003986,2023-06-11,002330300301,バックシャンタイプライターワンピース,57,IDG,003,S,00,MD,00,MD,1,11088,0000322,代行名古屋パルコ,0050216,MD 代行名古屋パルコ,060320,004487081190000200001,17200
RC00003457,2023-06-22,002310300501,フラワーレースケープスリーブドレス,09,BLK,004,M,00,MD,00,MD,1,15840,0000034,天王寺ミオ,0061401,下山 めぐみ,004521,004491278330000100001,22000
RC00003457,2023-06-22,002320800201,シアー分繊フラワーフレアスカート,03,IVY,004,M,00,MD,00,MD,1,11700,0000034,天王寺ミオ,0061401,下山 めぐみ,004521,004491278330000200001,16000
RC00001376,2023-06-24,002321900301,ミニボストンBAG,03,IVY,399,F,00,MD,00,MD,1,4750,0000034,天王寺ミオ,0061401,松田 優穂,009848,004491901320000100001,9500
RC00001668,2023-06-24,002320400401,【To/】3wayギャザースリーブブラウス,01,O.WHT,099,F,00,MD,00,MD,1,5670,0000407,RC WEB STORE(ZOZOBASE),0090003,,,004492155890000100001,9500
RC00001046,2023-06-25,002121001001,【Angellir】ふんわりルームブラ,61,LVD,300,S,00,MD,00,MD,1,2388,0000407,RC WEB STORE(ZOZOBASE),0090003,,,004492537280000100001,3980
RC00004034,2023-07-01,002320301701,異素材ドッキングスリットスリーブニットワンピー,01,O.WHT,003,S,00,MD,00,MD,1,9000,0000042,岡山一番街,0063501,MD 岡山一番街,060042,004494702540000100001,16300
RC00004034,2023-07-01,002321000201,ペーパーバケットハット,72,BGE,399,F,00,MD,00,MD,1,2430,0000042,岡山一番街,0063501,MD 岡山一番街,060042,004494702540000200001,5400
RC00004034,2023-07-01,002320303101,チェンジリブ配色ニットワンピース,09,BLK,003,S,00,MD,00,MD,1,10800,0000042,岡山一番街,0063501,MD 岡山一番街,060042,004494702540000300001,14500
RC00001249,2023-07-07,002332601101,2WAYスリットフレンチスリーブニット,51,ICE,099,F,00,MD,00,MD,1,5670,0000027,ルミネエスト新宿,0060101,小野 百合子,010379,004497223970000100001,6300
RC00001249,2023-07-07,002320303401,シャツドッキング配色ノースリワンピース,50,BLU,004,M,00,MD,00,MD,1,10800,0000027,ルミネエスト新宿,0060101,小野 百合子,010379,004497223970000200001,15400
RC00003564,2023-07-09,002332600601,2WAYノースリーブネックレス付きニット,12,B.PNK,099,F,00,MD,00,MD,1,4050,0000322,代行名古屋パルコ,0050216,粂川 梨衣,890935,004497952790000100001,6800
RC00003564,2023-07-09,002322800501,ビジューボタン付きクルーネックカーディガン,09,BLK,099,F,00,MD,00,MD,1,5400,0000322,代行名古屋パルコ,0050216,粂川 梨衣,890935,004497952790000200001,6000
RC00003564,2023-07-09,002332600601,2WAYノースリーブネックレス付きニット,12,B.PNK,099,F,00,MD,00,MD,-1,-4050,0000322,代行名古屋パルコ,0050216,粂川 梨衣,890935,004498082020000100001,6800
RC00003564,2023-07-09,002322800501,ビジューボタン付きクルーネックカーディガン,09,BLK,099,F,00,MD,00,MD,-1,-5400,0000322,代行名古屋パルコ,0050216,粂川 梨衣,890935,004498082020000200001,6000
RC00003564,2023-07-09,002332600601,2WAYノースリーブネックレス付きニット,12,B.PNK,099,F,00,MD,00,MD,1,4050,0000322,代行名古屋パルコ,0050216,粂川 梨衣,890935,004498082050000100001,6800
RC00003564,2023-07-09,002322800501,ビジューボタン付きクルーネックカーディガン,09,BLK,099,F,00,MD,00,MD,1,5400,0000322,代行名古屋パルコ,0050216,粂川 梨衣,890935,004498082050000200001,6000
RC00002201,2023-07-13,002332700101,Champion別注ロゴ入りTシャツ,01,O.WHT,099,F,00,MD,00,MD,1,3838,0000034,天王寺ミオ,0061401,下山 めぐみ,004521,004499739360000100001,6500
RC00001993,2023-07-23,002332600701,2WAYノースリコンパクトニット,01,O.WHT,099,F,00,MD,00,MD,1,4050,0000044,タカシマヤゲートタワーモール,0066701,下屋敷 亜未,009655,004503499510000100001,5400
RC00001993,2023-07-23,002340301301,クロップドシアーシャツセットワンピース,01,O.WHT,003,S,00,MD,00,MD,1,16200,0000044,タカシマヤゲートタワーモール,0066701,下屋敷 亜未,009655,004503499510000200001,18000
RC00001668,2023-08-01,002340301501,2WAYシアーボレロセットニットワンピース,09,BLK,003,S,00,MD,00,MD,1,13760,0000407,RC WEB STORE(ZOZOBASE),0090003,,,004506924220000100001,17200
RC00001959,2023-08-07,002342600901,2WAYショルダーカットワーク刺繍ニット,12,B.PNK,099,F,00,MD,00,MD,1,10000,0000044,タカシマヤゲートタワーモール,0066701,下屋敷 亜未,009655,004508882350000100001,10000
RC00001959,2023-08-07,002342800301,オフショルケープカーディガン,01,O.WHT,099,F,00,MD,00,MD,1,6800,0000044,タカシマヤゲートタワーモール,0066701,下屋敷 亜未,009655,004508882350000200001,6800
RC00001959,2023-08-07,002322600701,2WAY総針ラッフルコンパクトニット,08,C.GRY,099,F,00,MD,00,MD,1,5670,0000044,タカシマヤゲートタワーモール,0066701,下屋敷 亜未,009655,004508882350000300001,6300
RC00001959,2023-08-07,002340801101,バックレースアップストレッチマーメイドスカート,08,C.GRY,190,S,00,MD,00,MD,1,12000,0000044,タカシマヤゲートタワーモール,0066701,下屋敷 亜未,009655,004508882350000400001,12000
RC00000731,2023-08-11,002332700101,Champion別注ロゴ入りTシャツ,01,O.WHT,099,F,00,MD,00,MD,1,2684,0000407,RC WEB STORE(ZOZOBASE),0090003,,,004510733210000100001,6500
RC00003580,2023-08-13,002321800201,クリアチューブウェッジサンダル,99,CLR,231,34,00,MD,00,MD,1,9600,0000007,心斎橋OPA,0060302,大橋 明日香,010063,004511223940000100001,12000
RC00001606,2023-08-14,002320303101,チェンジリブ配色ニットワンピース,09,BLK,003,S,00,MD,00,MD,1,7461,0000407,RC WEB STORE(ZOZOBASE),0090003,,,004511868920000100001,14500
RC00001606,2023-08-14,002320801301,デニムハイウエストロングスカート,50,BLU,003,S,00,MD,00,MD,1,13000,0000407,RC WEB STORE(ZOZOBASE),0090003,,,004511868920000200001,13000
RC00002112,2023-08-17,002342600301,3WAYシアーシャツセットニット,70,BRN,099,F,00,MD,00,MD,1,10000,0000029,ルミネ有楽町ルミネ1,0060106,佐藤 浩代,009825,004513036210000100001,10000
RC00003463,2023-09-04,002222601301,ノースリレースドッキングカシュクールコンパクトニット,50,BLU,099,F,00,MD,00,MD,1,1700,0000407,RC WEB STORE(ZOZOBASE),0090003,,,004519620940000100001,6800
RC00002773,2023-09-17,002340100201,コンパクトフェイクスエードライダースジャケット,03,IVY,099,F,00,MD,00,MD,1,15000,0000039,梅田エスト,0060801,森岡 沙耶加,007057,004524696650000100001,15000
RC00002545,2023-09-22,002352600401,ロングスリーブラッフルコンパクトニット,08,C.GRY,099,F,00,MD,00,MD,1,6300,0000039,梅田エスト,0060801,齋藤 紀香,010322,004526679170000100001,6300
RC00002545,2023-09-22,002340800301,チェック刺繍フレアスカート,03,IVY,191,M,00,MD,00,MD,1,14000,0000039,梅田エスト,0060801,齋藤 紀香,010322,004526679170000200001,14000
RC00002545,2023-09-22,002350400101,シアーボウタイパワショルブラウス,72,BGE,099,F,00,MD,00,MD,1,9500,0000039,梅田エスト,0060801,齋藤 紀香,010322,004526679170000300001,9500
RC00004337,2023-09-24,002352600401,ロングスリーブラッフルコンパクトニット,09,BLK,099,F,00,MD,00,MD,1,6300,0000026,博多阪急,0061303,金井 祐子,009394,004527325550000100001,6300
RC00004337,2023-09-24,002350304201,2WAYツイストネックリブニットワンピース,58,NVY,003,S,00,MD,00,MD,1,12700,0000026,博多阪急,0061303,金井 祐子,009394,004527325550000200001,12700
RC00004337,2023-09-24,002340801101,バックレースアップストレッチマーメイドスカート,72,BGE,190,S,00,MD,00,MD,1,12000,0000026,博多阪急,0061303,金井 祐子,009394,004527325550000300001,12000
RC00004337,2023-09-24,002352800401,ロングスリーブミニシャギーニットカーディガン,03,IVY,099,F,00,MD,00,MD,1,6300,0000026,博多阪急,0061303,金井 祐子,009394,004527325550000400001,6300
RC00004337,2023-09-24,002350303201,シアーチェックニットドッキングワンピース,12,B.PNK,003,S,00,MD,00,MD,1,15400,0000026,博多阪急,0061303,金井 祐子,009394,004527325550000500001,15400
RC00002140,2023-10-01,002352600401,ロングスリーブラッフルコンパクトニット,09,BLK,099,F,00,MD,00,MD,1,6300,0000317,ルミネ池袋,0060104,橋本 桃佳,009827,004530047500000100001,6300
RC00002140,2023-10-01,002352600601,3WAYケープ付きニット,03,IVY,099,F,00,MD,00,MD,1,10000,0000317,ルミネ池袋,0060104,橋本 桃佳,009827,004530047500000200001,10000
RC00002140,2023-10-01,002340800801,フロッキープリントフレアマキシスカート,09,BLK,191,M,00,MD,00,MD,1,18000,0000317,ルミネ池袋,0060104,橋本 桃佳,009827,004530047500000300001,18000
RC00003667,2023-10-13,002241800401,フェイクレザーデザインヒールストレッチショートブーツ,79,D.BRN,226,36,00,MD,00,MD,1,3210,0000407,RC WEB STORE(ZOZOBASE),0090003,,,004536021270000100001,14000
RC00003667,2023-10-13,002250303701,ニットドッキングギャザーフレアワンピース,72,BGE,003,S,00,MD,00,MD,1,3670,0000407,RC WEB STORE(ZOZOBASE),0090003,,,004536021270000200001,16000
RC00001842,2023-10-15,002350303201,シアーチェックニットドッキングワンピース,12,B.PNK,003,S,00,MD,00,MD,1,15400,0000322,代行名古屋パルコ,0050216,内藤 早希,890616,004536683390000100001,15400
RC00003203,2023-10-18,002352602601,バックレースアップニット,72,BGE,099,F,00,MD,00,MD,1,6800,0000027,ルミネエスト新宿,0060101,梅木 亜由美,010321,004537916660000100001,6800
RC00003203,2023-10-18,002352602501,ハートネックロングスリーブニット,08,C.GRY,099,F,00,MD,00,MD,1,6800,0000027,ルミネエスト新宿,0060101,梅木 亜由美,010321,004537916660000200001,6800
RC00003203,2023-10-18,002340800601,コード刺繍フレアスカート,09,BLK,191,M,00,MD,00,MD,1,16000,0000027,ルミネエスト新宿,0060101,梅木 亜由美,010321,004537916660000300001,16000
RC00002140,2023-10-22,002310100501,フェイクスエードコンパクトライダースジャケット,12,B.PNK,099,F,00,MD,00,MD,1,14469,0000317,ルミネ池袋,0060104,橋本 桃佳,009827,004539563510000100001,15000
RC00003442,2023-10-22,002352800701,ツィードニットカーディガン,01,O.WHT,099,F,00,MD,00,MD,1,4400,0000407,RC WEB STORE(ZOZOBASE),0090003,,,004539774380000100001,11000
RC00003667,2023-11-01,002350302801,シャツドッキングニットフレアワンピース,09,BLK,004,M,00,MD,00,MD,1,6880,0000407,RC WEB STORE(ZOZOBASE),0090003,,,004543877330000100001,17200
RC00001668,2023-11-03,002340301501,2WAYシアーボレロセットニットワンピース,09,BLK,003,S,00,MD,00,MD,1,6880,0000407,RC WEB STORE(ZOZOBASE),0090003,,,004544696210000100001,17200
RC00004223,2023-11-25,002350000101,ファー付アライドロングダウン,03,IVY,003,S,00,MD,00,MD,1,26900,0000017,広島パルコ,0060205,松永 香奈,001149,004553393090000100001,27000
RC00001522,2023-12-12,002360000301,ウールチェスターコート,03,IVY,003,S,00,MD,00,MD,1,19000,0000027,ルミネエスト新宿,0060101,田渕 彩乃,008185,004560522330000100001,19000
RC00002702,2023-12-15,002352602001,エンブロイダリーロングスリーブニット,61,LVD,099,F,00,MD,00,MD,1,4800,0000314,FC高崎モントレー,0033801,岡野 友香,890944,004562061190000100001,10800
RC00004541,2023-12-16,002360301901,ニットドッキングトワルドジュイワンピース,09,BLK,004,M,00,MD,00,MD,1,16300,0000323,ルミネ横浜,0060105,塚本 菜実,010098,004562381420000100001,16300
RC00001108,2023-12-20,002352600901,ハイネックミニシャギーコンパクトニット,03,IVY,099,F,00,MD,00,MD,1,5300,0000317,ルミネ池袋,0060104,橋本 桃佳,009827,004564097150000100001,6300
RC00002749,2023-12-23,002410301101,2WAYラッフルマーメイドニットワンピース,09,BLK,003,S,00,MD,00,MD,1,12600,0000029,ルミネ有楽町ルミネ1,0060106,東 優花,010019,004565382780000100001,12600
RC00003388,2023-12-28,002352600801,2WAYミニシャギーコンパクトニット,11,PCH,099,F,00,MD,00,MD,1,4000,0000324,FC福岡パルコ,0030203,眞島 ありさ,891065,004567651170000100001,6300
RC00003388,2023-12-28,002352800401,ロングスリーブミニシャギーニットカーディガン,03,IVY,099,F,00,MD,00,MD,1,5300,0000324,FC福岡パルコ,0030203,眞島 ありさ,891065,004567651170000200001,6300
RC00003388,2023-12-28,002360800401,メロンチュールエンブロイダリースカート,12,B.PNK,191,M,00,MD,00,MD,1,12800,0000324,FC福岡パルコ,0030203,眞島 ありさ,891065,004567651170000300001,16000
RC00003388,2023-12-28,002352600801,2WAYミニシャギーコンパクトニット,11,PCH,099,F,00,MD,00,MD,-1,-4000,0000324,FC福岡パルコ,0030203,眞島 ありさ,891065,004567872290000100001,6300
RC00003388,2023-12-28,002352800401,ロングスリーブミニシャギーニットカーディガン,03,IVY,099,F,00,MD,00,MD,-1,-5300,0000324,FC福岡パルコ,0030203,眞島 ありさ,891065,004567872290000200001,6300
RC00003388,2023-12-28,002360800401,メロンチュールエンブロイダリースカート,12,B.PNK,191,M,00,MD,00,MD,-1,-12800,0000324,FC福岡パルコ,0030203,眞島 ありさ,891065,004567872290000300001,16000
RC00003388,2023-12-28,002352600801,2WAYミニシャギーコンパクトニット,11,PCH,099,F,00,MD,00,MD,1,3400,0000324,FC福岡パルコ,0030203,眞島 ありさ,891065,004567872310000100001,6300
RC00003388,2023-12-28,002352800401,ロングスリーブミニシャギーニットカーディガン,03,IVY,099,F,00,MD,00,MD,1,4505,0000324,FC福岡パルコ,0030203,眞島 ありさ,891065,004567872310000200001,6300
RC00003388,2023-12-28,002360800401,メロンチュールエンブロイダリースカート,12,B.PNK,191,M,00,MD,00,MD,1,10880,0000324,FC福岡パルコ,0030203,眞島 ありさ,891065,004567872310000300001,16000
RC00000691,2024-01-01,002040900301,スウィングモチーフイヤリング,91,SLV,399,F,00,MD,00,MD,1,49,0000407,RC WEB STORE(ZOZOBASE),0090003,,,004569213350000100001,3000
RC00000691,2024-01-01,002050700601,ベルト付バミューダパンツ,35,LME,199,F,00,MD,00,MD,1,194,0000407,RC WEB STORE(ZOZOBASE),0090003,,,004569213350000200001,12000
RC00004186,2024-01-02,002352600401,ロングスリーブラッフルコンパクトニット,09,BLK,099,F,00,MD,00,MD,1,4000,0000407,RC WEB STORE(ZOZOBASE),0090003,,,004569891720000100001,6300
RC00001668,2024-01-13,002410800201,カラーチェックボリュームフレアスカート,03,IVY,189,XS,00,MD,00,MD,1,10400,0000407,RC WEB STORE(ZOZOBASE),0090003,,,004575397820000100001,13000
RC00004495,2024-01-14,002410301801,チュールドッキング2AWYニットワンピース,09,BLK,003,S,00,MD,00,MD,1,16300,0000029,ルミネ有楽町ルミネ1,0060106,木村 南友,003001,004575593810000100001,16300
RC00003360,2024-01-14,002352600201,2WAYアームウォーマーリブニット,79,D.BRN,099,F,00,MD,00,MD,1,3600,0000029,ルミネ有楽町ルミネ1,0060106,堰八 愛菜,002510,004575620900000100001,6800
RC00003360,2024-01-14,002410301401,2WAYジャカードカーデドッキングニットワンピー,72,BGE,004,M,00,MD,00,MD,1,14670,0000029,ルミネ有楽町ルミネ1,0060106,堰八 愛菜,002510,004575620900000200001,16300
RC00001959,2024-01-20,002412600101,アシンメトリーカットアウトチョーカーストラップニット,61,LVD,099,F,00,MD,00,MD,1,6010,0000322,代行名古屋パルコ,0050216,内藤 早希,890616,004578005120000100001,6800
RC00001959,2024-01-20,002410300501,2WAYレースドッキングマーメイドニットワンピース,08,C.GRY,003,S,00,MD,00,MD,1,12725,0000322,代行名古屋パルコ,0050216,内藤 早希,890616,004578005120000200001,14400
RC00001668,2024-02-07,002410300401,シアーレイヤードフラワープリントプリーツワンピース,35,LME,003,S,00,MD,00,MD,1,15300,0000407,RC WEB STORE(ZOZOBASE),0090003,,,004584580100000100001,15300
RC00001977,2024-02-16,002350303601,2WAYスリットスリーブシャツワンピース,60,PPL,004,M,00,MD,00,MD,1,6300,0000407,RC WEB STORE(ZOZOBASE),0090003,,,004588502990000100001,16300
RC00004343,2024-02-20,002410800501,シアーフラワーパイピングフレアスカート,01,O.WHT,191,M,00,MD,00,MD,1,10623,0000028,ルクア大阪,0061001,齋藤 紀香,010322,004589822820000100001,12000
RC00004343,2024-02-20,002412600201,2WAYナローストラップリブニット,09,BLK,099,F,00,MD,00,MD,1,5489,0000028,ルクア大阪,0061001,齋藤 紀香,010322,004589822820000200001,6200
RC00004025,2024-02-22,002420302401,チュールレイヤードニットドッキングワンピース,08,C.GRY,004,M,00,MD,00,MD,1,16200,0000026,博多阪急,0061303,金井 祐子,009394,004590524470000100001,16200
RC00001158,2024-02-23,002222600401,セーラーカラーオーバーニット,58,NVY,099,F,00,MD,00,MD,1,900,0000407,RC WEB STORE(ZOZOBASE),0090003,,,004590900600000100001,10000
RC00001941,2024-02-24,002142600101,シアーVネックポロニット,61,LVD,099,F,00,MD,00,MD,1,800,0000407,RC WEB STORE(ZOZOBASE),0090003,,,004591240550000100001,9500
RC00001941,2024-02-24,002210700401,ジャガードハイウエストパンツ,72,BGE,191,M,00,MD,00,MD,1,720,0000407,RC WEB STORE(ZOZOBASE),0090003,,,004591240550000200001,8500
RC00001941,2024-02-24,002222600401,セーラーカラーオーバーニット,58,NVY,099,F,00,MD,00,MD,1,800,0000407,RC WEB STORE(ZOZOBASE),0090003,,,004591240550000300001,10000
RC00001941,2024-02-24,002230400701,ラッフルデザインシャツ,51,ICE,099,F,00,MD,00,MD,1,800,0000407,RC WEB STORE(ZOZOBASE),0090003,,,004591240550000400001,8500
RC00001941,2024-02-24,002342800501,2WAYキーネックミニシャギーコンパクトカーディガン,20,ORG,099,F,00,MD,00,MD,1,1200,0000407,RC WEB STORE(ZOZOBASE),0090003,,,004591240550000500001,6300
RC00002273,2024-02-24,002362600701,ボリュームスリーブリブニット,01,O.WHT,099,F,00,MD,00,MD,1,2700,0000407,RC WEB STORE(ZOZOBASE),0090003,,,004591240650000100001,8000
RC00004223,2024-03-04,002420100301,フェイクスエードコンパクトライダースジャケット,03,IVY,099,F,00,MD,00,MD,1,14731,0000017,広島パルコ,0060205,丸本 栞,009543,004594513170000100001,15000
RC00003548,2024-03-05,002410000101,ベーシックトレンチコート,12,B.PNK,004,M,00,MD,00,MD,1,15300,0000317,ルミネ池袋,0060104,MD ルミネ池袋,078007,004595001500000100001,15300
RC00003691,2024-03-11,002420302701,2WAYフェザードッキングニットワンピース,03,IVY,004,M,00,MD,00,MD,1,16200,0000407,RC WEB STORE(ZOZOBASE),0090003,,,004597397460000100001,16200
RC00003564,2024-03-23,002420700401,バックスリットストレートパンツ,03,IVY,191,M,00,MD,00,MD,1,11000,0000322,代行名古屋パルコ,0050216,内藤 早希,890616,004601693000000100001,11000
RC00003564,2024-03-29,002352800901,ビジューボタンニットカーディガン,58,NVY,099,F,00,MD,00,MD,1,5400,0000044,タカシマヤゲートタワーモール,0066701,渡邊 沙也,010815,004603894720000100001,6000
RC00002773,2024-04-06,002420402001,ショルダーリボンオフショルブラウス,09,BLK,099,F,00,MD,00,MD,1,6653,0000028,ルクア大阪,0061001,MD ルクア大阪,060028,004607000620000100001,7500
RC00002773,2024-04-06,002420300401,チュールレースレディーワンピース,09,BLK,004,M,00,MD,00,MD,1,14193,0000028,ルクア大阪,0061001,MD ルクア大阪,060028,004607000620000200001,16000
RC00003824,2024-04-12,002420300501,バックレースアップニットドッキングワンピース,80,L.MIX,003,S,00,MD,00,MD,1,16200,0000007,心斎橋OPA,0060302,白井 萌咲,008699,004608981340000100001,16200
RC00003824,2024-04-12,002422800101,透かし編みラメ混ボレロカーディガン,01,O.WHT,099,F,00,MD,00,MD,1,8000,0000007,心斎橋OPA,0060302,白井 萌咲,008699,004608981340000200001,8000
RC00004436,2024-04-14,002420303801,スパークルレースキャミティアードワンピース,01,O.WHT,004,M,00,MD,00,MD,1,14000,0000044,タカシマヤゲートタワーモール,0066701,渡邊 沙也,010815,004609841120000100001,14000
RC00004436,2024-04-14,002420800101,コルセットチュールドッキングフレアスカート,03,IVY,191,M,00,MD,00,MD,1,14000,0000044,タカシマヤゲートタワーモール,0066701,渡邊 沙也,010815,004609841120000200001,14000
RC00001032,2024-04-14,002320401201,クロップドシアーシャツ,09,BLK,099,F,00,MD,00,MD,1,1800,0000407,RC WEB STORE(ZOZOBASE),0090003,,,004610057870000100001,7200
RC00001032,2024-04-14,002340801201,シアーチェックフレアスカート,09,BLK,003,S,00,MD,00,MD,1,2700,0000407,RC WEB STORE(ZOZOBASE),0090003,,,004610057870000200001,10500
RC00001668,2024-04-14,002322600701,2WAY総針ラッフルコンパクトニット,10,RED,099,F,00,MD,00,MD,1,1350,0000407,RC WEB STORE(ZOZOBASE),0090003,,,004610057880000100001,6300
RC00001668,2024-04-14,002410300301,カラーチェックティアードドッキングワンピース,35,LME,003,S,00,MD,00,MD,1,7200,0000407,RC WEB STORE(ZOZOBASE),0090003,,,004610057880000200001,16200
HAS0902947,2024-04-29,002332600901,チョーカーリボンフレンチスリーブニット,01,O.WHT,099,F,00,MD,00,MD,1,1500,0000407,RC WEB STORE(ZOZOBASE),0090003,,,004616320850000100001,6300
RC00002140,2024-05-06,002430800601,ボタニカルフラワーフレアースカート,04,L.GRY,190,S,00,MD,00,MD,1,11700,0000317,ルミネ池袋,0060104,鈴木 梨沙,010711,004619104830000100001,13000
RC00002140,2024-05-06,002420302201,ショートトップスセット配色ニットワンピース,84,MIX,003,S,00,MD,00,MD,1,14580,0000317,ルミネ池袋,0060104,鈴木 梨沙,010711,004619104830000200001,16200
RC00004436,2024-05-07,002420402201,2WAYストラップキャミソール,01,O.WHT,099,F,00,MD,00,MD,1,11000,0000044,タカシマヤゲートタワーモール,0066701,安田 真夕,010411,004619586520000100001,11000
RC00004436,2024-05-07,002420700701,ビジュー付ハイウエストデニム,50,BLU,190,S,00,MD,00,MD,1,15000,0000044,タカシマヤゲートタワーモール,0066701,安田 真夕,010411,004619586520000200001,15000
RC00004436,2024-05-07,002422800501,スパークルシアーカーデ,61,LVD,099,F,00,MD,00,MD,1,6500,0000044,タカシマヤゲートタワーモール,0066701,安田 真夕,010411,004619586520000300001,6500
RC00001492,2024-05-17,002432600101,2WAYオーガンジードッキングラッフルニット,61,LVD,099,F,00,MD,00,MD,1,8500,0000039,梅田エスト,0060801,大橋 明日香,010063,004623196260000100001,8500
RC00000677,2024-05-19,002340700501,ハイウエストストレートストレッチデニム,57,IDG,190,S,00,MD,00,MD,1,13000,0000324,FC福岡パルコ,0030203,福重 理子,891251,004624052080000100001,13000
RC00002773,2024-05-19,002420303601,シアーチェックニットドッキングワンピース,35,LME,004,M,00,MD,00,MD,1,15300,0000028,ルクア大阪,0061001,MD ルクア大阪,060028,004624080290000100001,15300
RC00003396,2024-05-19,002430300301,リネンライクバックレースアップキャミワンピース,84,MIX,003,S,00,MD,00,MD,1,16000,0000027,ルミネエスト新宿,0060101,MD ルミネエスト新宿,060027,004624105000000100001,16000
RC00002557,2024-06-04,002332600901,チョーカーリボンフレンチスリーブニット,01,O.WHT,099,F,00,MD,00,MD,1,2520,0000407,RC WEB STORE(ZOZOBASE),0090003,,,004630165840000100001,6300
RC00002557,2024-06-04,002332600901,チョーカーリボンフレンチスリーブニット,08,C.GRY,099,F,00,MD,00,MD,1,2520,0000407,RC WEB STORE(ZOZOBASE),0090003,,,004630165840000200001,6300
RC00002557,2024-06-04,002340100101,オーバーライダースジャケット,09,BLK,003,S,00,MD,00,MD,1,6000,0000407,RC WEB STORE(ZOZOBASE),0090003,,,004630165840000300001,15000
RC00002557,2024-06-04,002360800301,モール刺繍セミフレアスカート,01,O.WHT,190,S,00,MD,00,MD,1,6400,0000407,RC WEB STORE(ZOZOBASE),0090003,,,004630165840000400001,16000
RC00002557,2024-06-04,002410100301,【セットアップ着用可】2WAYスリットスリーブ,03,IVY,099,F,00,MD,00,MD,1,6400,0000407,RC WEB STORE(ZOZOBASE),0090003,,,004630165840000500001,16000
RC00002557,2024-06-04,002420302401,チュールレイヤードニットドッキングワンピース,08,C.GRY,003,S,00,MD,00,MD,1,6480,0000407,RC WEB STORE(ZOZOBASE),0090003,,,004630165840000600001,16200
RC00003580,2024-06-08,002432800601,コンパクトシアーカーディガン,01,O.WHT,099,F,00,MD,00,MD,1,5580,0000007,心斎橋OPA,0060302,松田 優穂,009848,004631534180000100001,6200
RC00003580,2024-06-08,002430300501,シアーノースリニット花柄ドッキングワンピース,50,BLU,003,S,00,MD,00,MD,1,14580,0000007,心斎橋OPA,0060302,松田 優穂,009848,004631534180000200001,16200
RC00003580,2024-06-08,002342700101,2WAYカップ付レースベアインナー,01,O.WHT,099,F,00,MD,00,MD,1,3600,0000007,心斎橋OPA,0060302,松田 優穂,009848,004631534180000300001,4000
RC00001895,2024-06-15,002420800901,バックレースアップストレッチマーメイドスカート,57,IDG,190,S,00,MD,00,MD,1,10800,0000028,ルクア大阪,0061001,MD ルクア大阪,060028,004634110680000100001,12000
RC00001895,2024-06-15,002420402101,2WAYリボンパワショルブラウス,01,O.WHT,099,F,00,MD,00,MD,1,6750,0000028,ルクア大阪,0061001,MD ルクア大阪,060028,004634110680000200001,7500
RC00000677,2024-06-17,002432800601,コンパクトシアーカーディガン,72,BGE,099,F,00,MD,00,MD,1,5580,0000324,FC福岡パルコ,0030203,坂田 詩歩,890100,004634689950000100001,6200
RC00000677,2024-06-17,002432800601,コンパクトシアーカーディガン,09,BLK,099,F,00,MD,00,MD,1,5580,0000324,FC福岡パルコ,0030203,坂田 詩歩,890100,004634689950000200001,6200
RC00002557,2024-06-22,002360800301,モール刺繍セミフレアスカート,01,O.WHT,190,S,00,MD,00,MD,-1,-6400,0000407,RC WEB STORE(ZOZOBASE),0090003,,,004636800820000100001,16000
RC00002557,2024-06-22,002410100301,【セットアップ着用可】2WAYスリットスリーブ,03,IVY,099,F,00,MD,00,MD,-1,-6400,0000407,RC WEB STORE(ZOZOBASE),0090003,,,004636800830000100001,16000
RC00002557,2024-06-22,002332600901,チョーカーリボンフレンチスリーブニット,01,O.WHT,099,F,00,MD,00,MD,-1,-2520,0000407,RC WEB STORE(ZOZOBASE),0090003,,,004636800840000100001,6300
RC00002557,2024-06-22,002332600901,チョーカーリボンフレンチスリーブニット,08,C.GRY,099,F,00,MD,00,MD,-1,-2520,0000407,RC WEB STORE(ZOZOBASE),0090003,,,004636800850000100001,6300
RC00002557,2024-06-22,002340100101,オーバーライダースジャケット,09,BLK,003,S,00,MD,00,MD,-1,-6000,0000407,RC WEB STORE(ZOZOBASE),0090003,,,004636800860000100001,15000
RC00002557,2024-06-22,002420302401,チュールレイヤードニットドッキングワンピース,08,C.GRY,003,S,00,MD,00,MD,-1,-6480,0000407,RC WEB STORE(ZOZOBASE),0090003,,,004636800870000100001,16200
RC00001959,2024-06-27,002431800101,クリアチューブウェッジサンダル,09,BLK,034,34,00,MD,00,MD,1,7560,0000322,代行名古屋パルコ,0050216,岸川 未歩,890611,004638619220000100001,12000
RC00001959,2024-06-27,002440700101,シアーチェックバックレースアップミニスカパン,70,BRN,190,S,00,MD,00,MD,1,10800,0000322,代行名古屋パルコ,0050216,岸川 未歩,890611,004638619220000200001,12000
RC00001959,2024-06-27,002430800401,プランティカコラボフラワーティアードスカート,61,LVD,190,S,00,MD,00,MD,1,12600,0000322,代行名古屋パルコ,0050216,岸川 未歩,890611,004638619220000300001,14000
RC00001959,2024-06-27,002440800201,ランダムフレアアシメスカート,09,BLK,190,S,00,MD,00,MD,1,12600,0000322,代行名古屋パルコ,0050216,岸川 未歩,890611,004638619220000400001,14000
RC00001959,2024-06-27,002452600501,2WAY異素材パフスリーブカットアウトニット,61,LVD,099,F,00,MD,00,MD,1,7200,0000322,代行名古屋パルコ,0050216,岸川 未歩,890611,004638619220000500001,8000
RC00001668,2024-06-29,002340302901,3WAYフレアスリーブドッキングワンピース,08,C.GRY,003,S,00,MD,00,MD,1,8600,0000407,RC WEB STORE(ZOZOBASE),0090003,,,004639425090000100001,17200
RC00003907,2024-06-30,002420400201,バックスリットシアーシャツ,01,O.WHT,099,F,00,MD,00,MD,1,5670,0000324,FC福岡パルコ,0030203,北嶋 妃香里,890990,004639671640000100001,7000
RC00003907,2024-06-30,002440301501,リネンライクバックレースアップキャミワンピース,72,BGE,004,M,00,MD,00,MD,1,14400,0000324,FC福岡パルコ,0030203,北嶋 妃香里,890990,004639671640000200001,16000
RC00001099,2024-07-03,002440301401,カーデセットドットキャミワンピース,01,O.WHT,004,M,00,MD,00,MD,1,12960,0000027,ルミネエスト新宿,0060101,土屋 蘭,009816,004640902160000100001,14400
RC00001099,2024-07-03,002430301701,バックシャンカットワンピース,01,O.WHT,003,S,00,MD,00,MD,1,10800,0000027,ルミネエスト新宿,0060101,土屋 蘭,009816,004640902160000200001,12000
RC00001784,2024-07-08,002422600201,2WAYラッフルコンパクトニット,42,MNT,099,F,00,MD,00,MD,1,4050,0000029,ルミネ有楽町ルミネ1,0060106,東 優花,010019,004642832040000100001,5300
RC00001784,2024-07-08,002422700201,2WAYカップ付レースベアインナー,72,BGE,099,F,00,MD,00,MD,1,3600,0000029,ルミネ有楽町ルミネ1,0060106,東 優花,010019,004642832040000200001,4000
RC00001784,2024-07-08,002430801101,モンステラチュール刺繍スカート,50,BLU,191,M,00,MD,00,MD,1,14400,0000029,ルミネ有楽町ルミネ1,0060106,東 優花,010019,004642832040000300001,16000
RC00004590,2024-07-12,002430301201,ベアニットドッキングコルセットワンピース,08,C.GRY,003,S,00,MD,00,MD,1,11664,0000028,ルクア大阪,0061001,綾野 涼夏,009772,004644572640000100001,16200
RC00004590,2024-07-12,002420400201,バックスリットシアーシャツ,01,O.WHT,099,F,00,MD,00,MD,1,5670,0000028,ルクア大阪,0061001,綾野 涼夏,009772,004644572640000200001,7000
RC00000677,2024-07-21,002430302201,タイプライターバックリボンワンピース,09,BLK,003,S,00,MD,00,MD,1,10000,0000324,FC福岡パルコ,0030203,眞島 ありさ,891065,004648273090000100001,14000
RC00003463,2024-08-03,002440300401,レイヤードライクフラワープリントワンピース,50,BLU,003,S,00,MD,00,MD,1,13600,0000027,ルミネエスト新宿,0060101,寺﨑 明音,010249,004653277610000100001,16000
RC00003463,2024-08-03,002430300301,リネンライクバックレースアップキャミワンピース,60,PPL,003,S,00,MD,00,MD,1,10200,0000027,ルミネエスト新宿,0060101,寺﨑 明音,010249,004653277610000200001,16000
RC00003463,2024-08-03,002432800201,ハイツイストナロースリーブボレロ,04,L.GRY,099,F,00,MD,00,MD,1,6375,0000027,ルミネエスト新宿,0060101,寺﨑 明音,010249,004653277610000300001,7500
RC00004354,2024-08-05,002422600201,2WAYラッフルコンパクトニット,12,B.PNK,099,F,00,MD,00,MD,1,3339,0000407,RC WEB STORE(ZOZOBASE),0090003,,,004654323410000100001,5300
HAS0898662,2024-08-05,002420301801,ボリュームバックリボンタイトワンピース,84,MIX,004,M,00,MD,00,MD,1,4500,0000407,RC WEB STORE(ZOZOBASE),0090003,,,004654324190000100001,15300
HAS0898662,2024-08-05,002430400901,マルチウェイオフショルブラウス,01,O.WHT,099,F,00,MD,00,MD,1,2677,0000407,RC WEB STORE(ZOZOBASE),0090003,,,004654324190000200001,8500
RC00000677,2024-08-10,002430400401,バックリボンバルーンブラウス,09,BLK,099,F,00,MD,00,MD,1,7600,0000324,FC福岡パルコ,0030203,三好 真由,890989,004656675480000100001,9500
RC00000912,2024-08-11,002440300201,ショルダーリボンニットワンピース,09,BLK,004,M,00,MD,00,MD,1,12600,0000324,FC福岡パルコ,0030203,北嶋 妃香里,890990,004656944840000100001,12600
HAS0898662,2024-08-12,002430400901,マルチウェイオフショルブラウス,01,O.WHT,099,F,00,MD,00,MD,-1,-2677,0000407,RC WEB STORE(ZOZOBASE),0090003,,,004657444030000100001,8500
RC00002922,2024-08-28,002420801101,デニムコルセットマーメイドスカート,50,BLU,191,M,00,MD,00,MD,1,4200,0000407,RC WEB STORE(ZOZOBASE),0090003,,,004663298080000100001,12000
RC00002922,2024-08-28,002450400401,シアーフリルブラウス,61,LVD,099,F,00,MD,00,MD,1,9500,0000407,RC WEB STORE(ZOZOBASE),0090003,,,004663298080000200001,9500
RC00004282,2024-09-01,002420900101,フロストフラワーモチーフピアス,91,SLV,399,F,00,MD,00,MD,1,787,0000407,RC WEB STORE(ZOZOBASE),0090003,,,004664601520000100001,2500
RC00004282,2024-09-01,002420900401,パールシェルフープピアス,94,GLD,399,F,00,MD,00,MD,1,1260,0000407,RC WEB STORE(ZOZOBASE),0090003,,,004664601520000200001,4000
RC00003018,2024-09-07,002452800201,2WAYキーネックミニシャギーコンパクトカーディガン,03,IVY,099,F,00,MD,00,MD,1,5670,0000322,代行名古屋パルコ,0050216,安田 望,891205,004666952380000100001,6300
RC00003018,2024-09-07,002452800201,2WAYキーネックミニシャギーコンパクトカーディガン,61,LVD,099,F,00,MD,00,MD,1,5670,0000322,代行名古屋パルコ,0050216,安田 望,891205,004666952380000200001,6300
RC00001668,2024-09-19,002460800501,異素材ツイードサイドプリーツスカート,10,RED,190,S,00,MD,00,MD,1,12000,0000407,RC WEB STORE(ZOZOBASE),0090003,,,004671963880000100001,15000
RC00001668,2024-09-19,002462600801,シンプルボトルネックニット,10,RED,099,F,00,MD,00,MD,1,4240,0000407,RC WEB STORE(ZOZOBASE),0090003,,,004671963880000200001,5300
RC00000399,2024-09-20,002460800501,異素材ツイードサイドプリーツスカート,10,RED,191,M,00,MD,00,MD,1,15000,0000029,ルミネ有楽町ルミネ1,0060106,安岡 來花,010493,004672154160000100001,15000
RC00000399,2024-09-20,002460100601,ツイードノーカラージャケット,10,RED,004,M,00,MD,00,MD,1,18000,0000029,ルミネ有楽町ルミネ1,0060106,安岡 來花,010493,004672154160000200001,18000
RC00003388,2024-09-22,002450400201,パワショルブラウス,01,O.WHT,099,F,00,MD,00,MD,1,9500,0000324,FC福岡パルコ,0030203,眞島 ありさ,891065,004672941370000100001,9500
RC00002920,2024-09-22,002460300401,フラワードッキングコルセットワンピース,50,BLU,003,S,00,MD,00,MD,1,16200,0000317,ルミネ池袋,0060104,鈴木 梨沙,010711,004673026010000100001,16200
RC00002920,2024-09-22,002460801101,バックレースアップストレッチマーメイドスカート,03,IVY,190,S,00,MD,00,MD,1,12000,0000317,ルミネ池袋,0060104,鈴木 梨沙,010711,004673026010000200001,12000
RC00002920,2024-09-22,002352800401,ミニシャギーロングスリーブニットカーディガン,03,IVY,099,F,00,MD,00,MD,1,6300,0000317,ルミネ池袋,0060104,鈴木 梨沙,010711,004673026010000300001,6300
RC00000399,2024-09-25,002460800101,ツイードミニスカート,10,RED,191,M,00,MD,00,MD,1,12000,0000027,ルミネエスト新宿,0060101,MD ルミネエスト新宿,060027,004674049210000100001,12000
RC00001668,2024-09-18,002460100601,ツイードノーカラージャケット,10,RED,003,S,00,MD,00,MD,1,14400,0000407,RC WEB STORE(ZOZOBASE),0090003,,,004675845720000100001,18000
RC00002529,2024-10-12,002460700301,ハイウエストプリーツワイドパンツ,09,BLK,191,M,00,MD,00,MD,1,14000,0000322,代行名古屋パルコ,0050216,内藤 早希,890616,004681122050000100001,14000
RC00001959,2024-10-13,002460800201,マニッシュプリーツミニスカート,05,GRY,190,S,00,MD,00,MD,1,13862,0000322,代行名古屋パルコ,0050216,安田 望,891205,004681615230000100001,14000
RC00001959,2024-10-13,002460300101,ミニシャギーストラップミニニットワンピース,05,GRY,099,F,00,MD,00,MD,1,9902,0000322,代行名古屋パルコ,0050216,安田 望,891205,004681615230000200001,10000
RC00001959,2024-10-13,002420100401,フェイクレザーコンパクトライダースジャケット,04,L.GRY,002,XS,00,MD,00,MD,1,14852,0000322,代行名古屋パルコ,0050216,安田 望,891205,004681615230000300001,15000
RC00001959,2024-10-13,002460801101,バックレースアップストレッチマーメイドスカート,09,BLK,190,S,00,MD,00,MD,1,11882,0000322,代行名古屋パルコ,0050216,安田 望,891205,004681615230000400001,12000
RC00001959,2024-10-13,002450400301,ネクタイセットフラップブラウス,01,O.WHT,099,F,00,MD,00,MD,1,8813,0000322,代行名古屋パルコ,0050216,安田 望,891205,004681615230000500001,8900
RC00001959,2024-10-13,002452601701,ショルダーパールチェーンロングスリーブニット,09,BLK,099,F,00,MD,00,MD,1,7130,0000322,代行名古屋パルコ,0050216,安田 望,891205,004681615230000600001,7200
RC00003457,2024-10-14,002450100701,フェイクムートンボンバージャケット,08,C.GRY,003,S,00,MD,00,MD,1,16000,0000028,ルクア大阪,0061001,MD ルクア大阪,060028,004681979310000100001,16000
RC00003457,2024-10-14,002460300101,ミニシャギーストラップミニニットワンピース,51,ICE,099,F,00,MD,00,MD,1,10000,0000028,ルクア大阪,0061001,MD ルクア大阪,060028,004681979310000200001,10000
RC00003457,2024-10-14,002460800201,マニッシュプリーツミニスカート,01,O.WHT,190,S,00,MD,00,MD,1,14000,0000028,ルクア大阪,0061001,MD ルクア大阪,060028,004681979310000300001,14000
RC00002273,2024-10-20,002440300501,ツイードマーメイドワンピース,09,BLK,004,M,00,MD,00,MD,1,5000,0000407,RC WEB STORE(ZOZOBASE),0090003,,,004684578360000100001,18000
RC00002224,2024-10-31,002460100701,フィットアンドフレアジャケット,79,D.BRN,003,S,00,MD,00,MD,1,15300,0000322,代行名古屋パルコ,0050216,粂川 梨衣,890935,004689108210000100001,17000
RC00002224,2024-10-31,002460700401,バックジップミニマーメイドスカパン,79,D.BRN,190,S,00,MD,00,MD,1,11700,0000322,代行名古屋パルコ,0050216,粂川 梨衣,890935,004689108210000200001,13000
RC00003035,2024-11-03,002450100701,フェイクムートンボンバージャケット,72,BGE,003,S,00,MD,00,MD,1,15818,0000027,ルミネエスト新宿,0060101,MD ルミネエスト新宿,060027,004690419450000100001,16000
RC00002042,2024-11-30,002452601701,ショルダーパールチェーンロングスリーブニット,09,BLK,099,F,00,MD,00,MD,1,7200,0000027,ルミネエスト新宿,0060101,MD ルミネエスト新宿,060027,004701609760000100001,7200
RC00004502,2024-11-30,002462800701,ふわふわリボンパーツニットカーディガン,05,GRY,099,F,00,MD,00,MD,1,9000,0000044,タカシマヤゲートタワーモール,0066701,MD タカシマヤゲートタワーモール,060317,004701653560000100001,9000
RC00004502,2024-11-30,002452601601,パール付フレアスリーブリブニット,08,C.GRY,099,F,00,MD,00,MD,1,7200,0000044,タカシマヤゲートタワーモール,0066701,MD タカシマヤゲートタワーモール,060317,004701653560000200001,7200
RC00003614,2024-12-07,002460302601,異素材ドッキングオフショルニットワンピース,50,BLU,003,S,00,MD,00,MD,1,15120,0000044,タカシマヤゲートタワーモール,0066701,MD タカシマヤゲートタワーモール,060317,004704529960000100001,16800
RC00003614,2024-12-07,002460000701,ファー付アライドロングダウン,09,BLK,003,S,00,MD,00,MD,1,24300,0000044,タカシマヤゲートタワーモール,0066701,MD タカシマヤゲートタワーモール,060317,004704529960000200001,27000
RC00000677,2024-12-14,002462600801,シンプルボトルネックニット,09,BLK,099,F,00,MD,00,MD,1,5300,0000324,FC福岡パルコ,0030203,眞島 ありさ,891065,004707600900000100001,5300
RC00002313,2024-12-15,002460801101,バックレースアップストレッチマーメイドスカート,09,BLK,190,S,00,MD,00,MD,1,12000,0000317,ルミネ池袋,0060104,鈴木 梨沙,010711,004707984400000100001,12000
RC00002313,2024-12-15,002452601801,ショルダーリボンロングスリーブニット,09,BLK,099,F,00,MD,00,MD,1,7000,0000317,ルミネ池袋,0060104,鈴木 梨沙,010711,004707984400000200001,8000
RC00001668,2024-12-19,002510300901,ノルディックジャカードドッキングニットワンピース,58,NVY,004,M,00,MD,00,MD,1,13227,0000407,RC WEB STORE(ZOZOBASE),0090003,,,004709819810000100001,17700
RC00001095,2024-12-23,002460300401,フラワードッキングコルセットワンピース,09,BLK,004,M,00,MD,00,MD,1,15000,0000029,ルミネ有楽町ルミネ1,0060106,東 優花,010019,004711301720000100001,16200
RC00000912,2024-12-31,002451900601,サイドジップショルダーバッグ,01,O.WHT,099,F,00,MD,00,MD,1,9900,0000026,博多阪急,0061303,原田 茉実,009395,004714310220000100001,11000
RC00000912,2024-12-31,002460301701,シアーカットラメニットワンピース,09,BLK,003,S,00,MD,00,MD,1,11430,0000026,博多阪急,0061303,原田 茉実,009395,004714310220000200001,12700
RC00000874,2025-01-01,002210700401,ジャガードハイウエストパンツ,70,BRN,190,S,00,MD,00,MD,1,360,0000407,RC WEB STORE(ZOZOBASE),0090003,,,004714673520000100001,8500
RC00000874,2025-01-01,002210700401,ジャガードハイウエストパンツ,72,BGE,191,M,00,MD,00,MD,1,360,0000407,RC WEB STORE(ZOZOBASE),0090003,,,004714673520000200001,8500
RC00000874,2025-01-01,002230800501,シャーリングデザインイレヘムマーメイドスカート,50,BLU,191,M,00,MD,00,MD,1,510,0000407,RC WEB STORE(ZOZOBASE),0090003,,,004714673520000300001,12000
RC00000874,2025-01-01,002230800501,シャーリングデザインイレヘムマーメイドスカート,60,PPL,191,M,00,MD,00,MD,1,510,0000407,RC WEB STORE(ZOZOBASE),0090003,,,004714673520000400001,12000
RC00004055,2025-01-05,002462602301,2WAYオフショルZIPロングスリーブニット,09,BLK,099,F,00,MD,00,MD,1,6160,0000029,ルミネ有楽町ルミネ1,0060106,木村 南友,003001,004716791880000100001,7700
RC00004428,2025-01-25,002520301601,バイカラーリブマーメイドニットワンピース,09,BLK,004,M,00,MD,00,MD,1,13600,0000407,RC WEB STORE(ZOZOBASE),0090003,,,004724574480000100001,13600
RC00003774,2025-01-31,002522602001,パール付フレアスリーブリブニット,09,BLK,099,F,00,MD,00,MD,1,6480,0000039,梅田エスト,0060801,白井 萌咲,008699,004726553880000100001,7200
RC00003774,2025-01-31,002520100801,フィットアンドフレアジャケット,79,D.BRN,003,S,00,MD,00,MD,1,15300,0000039,梅田エスト,0060801,白井 萌咲,008699,004726553880000200001,17000
RC00000874,2025-02-03,002330301701,ボリュームラッフルジャンプスーツ,72,BGE,004,M,00,MD,00,MD,1,860,0000407,RC WEB STORE(ZOZOBASE),0090003,,,004727959270000100001,17200
RC00000874,2025-02-03,002420302301,2WAYミニシャギーニットミニワンピース,03,IVY,099,F,00,MD,00,MD,1,1637,0000407,RC WEB STORE(ZOZOBASE),0090003,,,004727959270000200001,10000
RC00000874,2025-02-03,002452601201,2WAYフォールドラッフルロングスリーブニット,51,ICE,099,F,00,MD,00,MD,1,819,0000407,RC WEB STORE(ZOZOBASE),0090003,,,004727959270000300001,6200
RC00003979,2025-02-03,002440301401,カーデセットドットキャミワンピース,01,O.WHT,003,S,00,MD,00,MD,1,5050,0000407,RC WEB STORE(ZOZOBASE),0090003,,,004727960300000100001,14400
RC00000874,2025-02-06,002462601801,アシメ異素材ラッフルニット,09,BLK,099,F,00,MD,00,MD,1,1819,0000407,RC WEB STORE(ZOZOBASE),0090003,,,004729535940000100001,8600
RC00004428,2025-02-07,002520302201,【MARY QUANTコラボ】デイジーフロッキーフ,84,MIX,004,M,00,MD,00,MD,1,18000,0000407,RC WEB STORE(ZOZOBASE),0090003,,,004729984290000100001,18000
RC00002773,2025-02-08,002512600401,オフショルミニシャギーニット,10,RED,099,F,00,MD,00,MD,1,6180,0000034,天王寺ミオ,0061401,宮本 千優,010732,004730208200000100001,6200
RC00002773,2025-02-08,002512600401,オフショルミニシャギーニット,05,GRY,099,F,00,MD,00,MD,1,6180,0000034,天王寺ミオ,0061401,宮本 千優,010732,004730208200000200001,6200
HAS0898662,2025-03-20,002522601101,【MARY QUANTコラボ】バイカラーカットアウト,01,O.WHT,099,F,00,MD,00,MD,1,6800,0000027,ルミネエスト新宿,0060101,MD ルミネエスト新宿,060027,004744566540000100001,6800
RC00003035,2025-03-29,002520800301,ラインフラワーバックレースアップ刺繍スカート,61,LVD,190,S,00,MD,00,MD,1,15013,0000028,ルクア大阪,0061001,MD ルクア大阪,060028,004747817350000100001,16800
RC00003035,2025-03-29,002420100301,フェイクスエードコンパクトライダースジャケット,72,BGE,002,XS,00,MD,00,MD,1,8043,0000028,ルクア大阪,0061001,MD ルクア大阪,060028,004747817350000200001,15000
RC00001122,2025-04-05,002521800501,プラットフォームクロスサンダル,03,IVY,036,36,00,MD,00,MD,1,11700,0000407,RC WEB STORE(ZOZOBASE),0090003,,,004750718860000100001,13000
RC00001334,2025-04-06,002530300501,異素材ドッキングオフショルニットハーフスリーブワ,72,BGE,003,S,00,MD,00,MD,1,15120,0000327,ピオレ姫路,0062101,村岡 愛美,007532,004750882720000100001,16800
RC00001334,2025-04-06,002520100101,ショートトレンチ,03,IVY,003,S,00,MD,00,MD,1,15480,0000327,ピオレ姫路,0062101,村岡 愛美,007532,004750882720000200001,17200
RC00002915,2025-04-14,002532800301,ツィードニットカーデ,09,BLK,099,F,00,MD,00,MD,1,8600,0000323,ルミネ横浜,0060105,塚本 菜実,010098,004753947010000100001,8600
RC00001122,2025-04-15,002521800501,プラットフォームクロスサンダル,03,IVY,036,36,00,MD,00,MD,-1,-11700,0000407,RC WEB STORE(ZOZOBASE),0090003,,,004754496120000100001,13000
RC00003689,2025-05-26,002532800101,2WAYシアーコンパクトカーディガン,01,O.WHT,099,F,00,MD,00,MD,1,6300,0000026,博多阪急,0061303,山口 可蓮,011116,004770115820000100001,6300
RC00002720,2025-06-03,002530300701,花柄バックレースアップワンピース,04,L.GRY,004,M,00,MD,00,MD,1,14400,0000407,RC WEB STORE(ZOZOBASE),0090003,,,004773467540000100001,16000
RC00002720,2025-06-03,002530300701,花柄バックレースアップワンピース,09,BLK,004,M,00,MD,00,MD,1,14400,0000407,RC WEB STORE(ZOZOBASE),0090003,,,004773467540000200001,16000
RC00001052,2025-06-11,002530400701,チュールフリルトップス,01,O.WHT,099,F,00,MD,00,MD,1,8600,0000027,ルミネエスト新宿,0060101,仲田 桃子,006338,004776571570000100001,8600
RC00002720,2025-08-10,002520801401,裾チュールレースマーメイドスカート,08,C.GRY,191,M,00,MD,00,MD,1,11700,0000027,ルミネエスト新宿,0060101,吉澤 佳世,008271,004799510350000100001,13000
RC00002720,2025-08-10,002540400301,オーガンジー配色メローブラウス,05,GRY,099,F,00,MD,00,MD,1,10800,0000027,ルミネエスト新宿,0060101,吉澤 佳世,008271,004799510350000200001,12000
RC00000697,2025-08-15,002550400801,カーデセットノースリシャツ,01,O.WHT,099,F,00,MD,00,MD,1,13000,0000027,ルミネエスト新宿,0060101,小野 百合子,010379,004801302610000100001,13000
RC00000697,2025-08-15,002550400801,カーデセットノースリシャツ,01,O.WHT,099,F,00,MD,00,MD,-1,-13000,0000027,ルミネエスト新宿,0060101,小野 百合子,010379,004801302630000100001,13000
RC00000697,2025-08-15,002550400801,カーデセットノースリシャツ,01,O.WHT,099,F,00,MD,00,MD,1,11700,0000027,ルミネエスト新宿,0060101,小野 百合子,010379,004801302650000100001,13000
RC00000697,2025-08-15,002542600101,オフショルドロストニット,09,BLK,099,F,00,MD,00,MD,1,6840,0000027,ルミネエスト新宿,0060101,小野 百合子,010379,004801302650000200001,7600
RC00002720,2025-09-21,002540400301,オーガンジー配色メローブラウス,05,GRY,099,F,00,MD,00,MD,1,10800,0000407,RC WEB STORE(ZOZOBASE),0090003,,,004814564160000100001,12000
RC00003907,2025-09-26,002552600901,ベルテッドオフタートルニット,70,BRN,099,F,00,MD,00,MD,1,12000,0000329,FCソラリアプラザ,0036401,甲斐 愛加,891427,004816396920000100001,12000
RC00003907,2025-09-26,002550801601,ベルト付きチェックプリーツミニスカパン,70,BRN,191,M,00,MD,00,MD,1,13000,0000329,FCソラリアプラザ,0036401,甲斐 愛加,891427,004816396920000200001,13000
RC00002720,2025-10-11,002560800701,フロッキープリントフレアスカート,09,BLK,191,M,00,MD,00,MD,1,14400,0000407,RC WEB STORE(ZOZOBASE),0090003,,,004822169830000100001,16000
RC00001860,2025-10-25,002550100401,フィットアンドフレアジャケット,70,BRN,004,M,00,MD,00,MD,1,17000,0000028,ルクア大阪,0061001,MD ルクア大阪,060028,004827354770000100001,17000
RC00002749,2025-11-15,002550100401,フィットアンドフレアジャケット,75,CML,003,S,00,MD,00,MD,1,15300,0000317,ルミネ池袋,0060104,中本 一花,011405,004835370330000100001,17000
RC00002749,2025-11-15,002550801101,バックZIPミニマーメイドミニスカパン,75,CML,191,M,00,MD,00,MD,1,11700,0000317,ルミネ池袋,0060104,中本 一花,011405,004835370330000200001,13000
RC00002433,2025-11-23,002550100401,フィットアンドフレアジャケット,08,C.GRY,004,M,00,MD,00,MD,1,17000,0000039,梅田エスト,0060801,中田 実希,010682,004838634950000100001,17000
RC00002529,2025-12-17,002610800301,シャギーチェックミニスカート,10,RED,191,M,00,MD,00,MD,1,12000,0000044,タカシマヤゲートタワーモール,0066701,渡邊 沙也,010815,004848835590000100001,12000
RC00003463,2025-12-24,002560800901,アシメマーメイドスカート,58,NVY,191,M,00,MD,00,MD,1,7000,0000407,RC WEB STORE(ZOZOBASE),0090003,,,004852068060000100001,14000
RC00002977,2025-12-28,002562602301,異素材ラッフルリボンリブニット,61,LVD,099,F,00,MD,00,MD,1,6192,0000329,FCソラリアプラザ,0036401,田中 マリア,891390,004853596050000100001,8600
RC00002977,2025-12-28,002560800101,オリジナルロービングチェックミニスカパン,60,PPL,190,S,00,MD,00,MD,1,9360,0000329,FCソラリアプラザ,0036401,田中 マリア,891390,004853596050000200001,13000
RC00003457,2026-01-06,002552600701,アシメパールチェーンワンショルニット,72,BGE,099,F,00,MD,00,MD,1,4352,0000007,心斎橋OPA,0060302,永野 亜依,891286,004857328820000100001,6800
RC00003457,2026-01-06,002552600701,アシメパールチェーンワンショルニット,09,BLK,099,F,00,MD,00,MD,1,4352,0000007,心斎橋OPA,0060302,永野 亜依,891286,004857328820000200001,6800
RC00003457,2026-01-06,002560100101,2WAYフード付アライドショートダウン,61,LVD,003,S,00,MD,00,MD,1,12320,0000007,心斎橋OPA,0060302,永野 亜依,891286,004857328820000300001,22000
RC00002423,2026-01-12,002560000401,フェイクファー付きアライドロングダウン,09,BLK,004,M,00,MD,00,MD,1,10910,0000407,RC WEB STORE(ZOZOBASE),0090003,,,004860184320000100001,27000
RC00000526,2026-01-22,002552600501,異素材フリルオフショルリブニット,09,BLK,099,F,00,MD,00,MD,1,7120,0000034,天王寺ミオ,0061401,宮本 千優,010732,004863942100000100001,8900